Clear Oil,Clear Oil,Clear Oil,Alacrity,+30 to Dexterity
Clear Oil,Clear Oil,Sepia Oil,Beef,+30 to Strength
Clear Oil,Sepia Oil,Sepia Oil,Agility,+30 to Dexterity
Sepia Oil,Sepia Oil,Sepia Oil,Expertise,+30 to Dexterity
Clear Oil,Clear Oil,Amber Oil,Wisdom of the Glade,+30 to Intelligence
Clear Oil,Sepia Oil,Amber Oil,Thief's Craft,+30 to Intelligence
Sepia Oil,Sepia Oil,Amber Oil,Proficiency,+30 to Dexterity
Clear Oil,Amber Oil,Amber Oil,Might,+30 to Strength
Sepia Oil,Amber Oil,Amber Oil,Hard Knocks,+30 to Intelligence
Amber Oil,Amber Oil,Amber Oil,Path of the Warrior,"+10 to Armour
+20 to Strength
12% increased Physical Damage"
Clear Oil,Clear Oil,Verdant Oil,Prowess,+30 to Strength
Clear Oil,Sepia Oil,Verdant Oil,Erfect agony,+30 to Intelligence
Sepia Oil,Sepia Oil,Verdant Oil,Fending,"12% chance to Knock Enemies Back on hit
25% increased Knockback Distance"
Clear Oil,Amber Oil,Verdant Oil,Arcane Vision,"+30 to Accuracy Rating
Light Radius is based on Energy Shield instead of Life"
Sepia Oil,Amber Oil,Verdant Oil,Path of the Savant,"16% increased Spell Damage
+20 to maximum Mana
+20 to Intelligence"
Amber Oil,Amber Oil,Verdant Oil,Quickstep,"6% increased Attack Speed
4% increased Movement Speed"
Clear Oil,Verdant Oil,Verdant Oil,Path of the Hunter,"+20 to Accuracy Rating
12% increased Projectile Damage
+20 to Dexterity"
Sepia Oil,Verdant Oil,Verdant Oil,Fusillade,"15% increased Attack Speed with Wands
30% increased Accuracy Rating with Wands"
Amber Oil,Verdant Oil,Verdant Oil,Aspect of the Eagle,"20% increased Damage with Bows
12% increased Global Accuracy Rating
+10 to maximum Life
4% increased Movement Speed
20% increased Damage Over Time with Bow Skills"
Verdant Oil,Verdant Oil,Verdant Oil,Spirit Void,"0.8% of Attack Damage Leeched as Mana
25% increased Maximum total Recovery per second from Mana Leech
20% increased total Recovery per second from Mana Leech"
Clear Oil,Clear Oil,Teal Oil,Physique,+30 to Strength
Clear Oil,Sepia Oil,Teal Oil,Diamond Skin,"24% increased Armour
+12% to all Elemental Resistances
3% increased Movement Speed"
Sepia Oil,Sepia Oil,Teal Oil,Righteous Decree,"22% increased maximum Mana
6% reduced Mana Cost of Skills"
Clear Oil,Amber Oil,Teal Oil,Ironwood,"25% increased Totem Damage
Totems gain +16% to all Elemental Resistances
Totems have 10% additional Physical Damage Reduction"
Sepia Oil,Amber Oil,Teal Oil,Weathered Hunter,"+100 to Accuracy Rating
15% increased Global Accuracy Rating
+10% to all Elemental Resistances
+20 to Dexterity"
Amber Oil,Amber Oil,Teal Oil,Thrill Seeker,"15% increased maximum Mana
0.4% of Attack Damage Leeched as Mana
+10 Mana gained on Kill"
Clear Oil,Verdant Oil,Teal Oil,Solidity,"20% increased Attack Damage while holding a Shield
+8% Elemental Resistances while holding a Shield
Attack Skills deal 20% increased Damage with Ailments while holding a Shield
+3% Chance to Block Attack Damage while holding a Shield"
Sepia Oil,Verdant Oil,Teal Oil,Decay Ward,"Minions have +10% Chance to Block Attack Damage
Minions have +10% Chance to Block Spell Damage
Minions Recover 2% of their Life when they Block"
Amber Oil,Verdant Oil,Teal Oil,Depth Perception,"+100 to Accuracy Rating
15% increased Global Accuracy Rating
+20 to Dexterity
25% increased Critical Strike Chance"
Verdant Oil,Verdant Oil,Teal Oil,Fury Bolts,"10% increased Global Accuracy Rating
20% increased Projectile Damage
+20 to Strength"
Clear Oil,Teal Oil,Teal Oil,Saboteur,"30% increased Trap Damage
30% increased Mine Damage
Can have up to 2 additional Traps placed at a time
Can have up to 2 additional Remote Mines placed at a time"
Sepia Oil,Teal Oil,Teal Oil,Deep Wisdom,"+20 to maximum Energy Shield
+20 to maximum Mana
+20 to Intelligence"
Amber Oil,Teal Oil,Teal Oil,Sanctuary,"+3% Chance to Block Spell Damage while holding a Shield
+12% Elemental Resistances while holding a Shield
+3% Chance to Block Attack Damage while holding a Shield"
Verdant Oil,Teal Oil,Teal Oil,Mind Drinker,"18% increased maximum Mana
0.4% of Attack Damage Leeched as Mana
Recover 2% of Mana on Kill"
Teal Oil,Teal Oil,Teal Oil,Mystic Bulwark,"6% Chance to Block Spell Damage
15% increased maximum Mana
1% increased Mana Regeneration Rate per 1% Chance to Block Spell Damage"
Clear Oil,Clear Oil,Azure Oil,Cloth and Chain,"24% increased Evasion Rating and Armour
+12% to all Elemental Resistances"
Clear Oil,Sepia Oil,Azure Oil,Dynamo,"16% increased maximum Mana
5% reduced Mana Cost of Skills"
Sepia Oil,Sepia Oil,Azure Oil,Aspect of the Panther,"+3% Chance to Block Attack Damage while Dual Wielding
16% increased Weapon Damage while Dual Wielding
6% increased Attack Speed while Dual Wielding
+10 to maximum Life
Attack Skills deal 16% increased Damage with Ailments while Dual Wielding"
Clear Oil,Amber Oil,Azure Oil,Poisonous Fangs,"+5% to Damage over Time Multiplier for Poison
20% increased Damage with Claws
10% increased Poison Duration
10% chance to Poison on Hit with Attacks
20% increased Damage with Ailments from Attack Skills while wielding a Claw"
Sepia Oil,Amber Oil,Azure Oil,Elemental Focus,"10% chance to Avoid Elemental Ailments
10% increased Duration of Elemental Ailments on Enemies
16% increased Elemental Damage
10% increased Effect of non-Damaging Ailments on Enemies"
Amber Oil,Amber Oil,Azure Oil,Hasty Reconstruction,"20% increased Trap Damage
10% increased Cooldown Recovery Speed for throwing Traps"
Clear Oil,Verdant Oil,Azure Oil,Martial Experience,"30% increased Physical Damage with Two Handed Melee Weapons
0.8% of Physical Attack Damage Leeched as Life
50% increased total Recovery per second from Life Leech
30% increased Damage with Ailments from Attack Skills while wielding a Two Handed Weapon"
Sepia Oil,Verdant Oil,Azure Oil,Battle Rouse,"+15 to maximum Mana
15% increased maximum Mana
8% of Damage taken gained as Mana over 4 seconds when Hit"
Amber Oil,Verdant Oil,Azure Oil,Executioner,"24% increased Physical Damage with Two Handed Melee Weapons
50% increased Damage with Hits against Enemies that are on Low Life
8% increased Area of Effect if you've Killed Recently
24% increased Damage with Ailments from Attack Skills while wielding a Two Handed Weapon"
Verdant Oil,Verdant Oil,Azure Oil,Arsonist,"+6% to Fire Damage over Time Multiplier
24% increased Fire Damage
Regenerate 1% of Life per second"
Clear Oil,Teal Oil,Azure Oil,Words of Glory,"30% increased Warcry Duration
If you've Warcried Recently, you and nearby allies have 10% increased Attack, Cast and Movement Speed
Warcries cost no Mana"
Sepia Oil,Teal Oil,Azure Oil,Dreamer,"25% increased maximum Mana
15% increased Mana Regeneration Rate"
Amber Oil,Teal Oil,Azure Oil,Unpredictable Offensive,"5% chance to Dodge Attack Hits while Channelling
Channelling Skills have 10% increased Attack Speed
20% chance to Avoid being Stunned while Channelling"
Verdant Oil,Teal Oil,Azure Oil,Sentinel,"24% increased Evasion Rating and Armour
+10% to all Elemental Resistances"
Teal Oil,Teal Oil,Azure Oil,Steelwood Stance,"30% increased Damage with Staves
20% increased Armour
+600 Armour if you've Blocked Recently
30% increased Damage with Ailments from Attack Skills while wielding a Staff
+4% Chance to Block Attack Damage while wielding a Staff"
Clear Oil,Azure Oil,Azure Oil,Prodigal Perfection,"10% increased Spell Damage
15% increased maximum Mana
2% increased Spell Damage per 100 Maximum Mana, up to 40%"
Sepia Oil,Azure Oil,Azure Oil,Claws of the Magpie,"20% increased Damage with Claws
10% increased Attack Speed with Claws
25% chance to Steal Power, Frenzy, and Endurance Charges on Hit with Claws
20% increased Damage with Ailments from Attack Skills while wielding a Claw"
Amber Oil,Azure Oil,Azure Oil,Explosive Runes,"You can Cast an additional Brand
20% increased Damage with Brand Skills
10% increased Brand Attachment range"
Verdant Oil,Azure Oil,Azure Oil,Bone Breaker,"30% increased Physical Damage with Maces and Sceptres
12% increased Area of Effect
30% increased Damage with Ailments from Attack Skills while wielding a Mace or Sceptre
+2 to Melee range with Maces and Sceptres"
Teal Oil,Azure Oil,Azure Oil,Red Storm,"+8% to Damage over Time Multiplier for Bleeding
Attacks have 15% chance to cause Bleeding
30% increased Physical Damage"
Azure Oil,Azure Oil,Azure Oil,Slaughter,"25% increased Physical Damage with Axes
8% increased Attack Speed with Axes
10% chance to gain Onslaught for 4 seconds on Kill
25% increased Damage with Ailments from Attack Skills while wielding an Axe"
Clear Oil,Clear Oil,Violet Oil,Practical Application,"25% chance to Avoid interruption from Stuns while Casting
+20 to Strength and Dexterity"
Clear Oil,Sepia Oil,Violet Oil,Freedom of Movement,"30% increased Evasion Rating
5% chance to Dodge Attack Hits while Phasing
10% increased Movement Speed while Phasing
10% chance to gain Phasing for 4 seconds on Kill"
Sepia Oil,Sepia Oil,Violet Oil,Aligned Spirits,"10% increased maximum Mana
Minions deal 20% increased Damage
15% reduced Mana Cost of Minion Skills"
Clear Oil,Amber Oil,Violet Oil,Weapon Artistry,"+2% Chance to Block Attack Damage while Dual Wielding or holding a Shield
16% increased Attack Damage
4% increased Attack Speed
+10 to Strength and Dexterity"
Sepia Oil,Amber Oil,Violet Oil,Shamanistic Fury,"30% increased Totem Damage
15% increased Totem Placement speed"
Amber Oil,Amber Oil,Violet Oil,Harvester of Foes,"20% increased Damage with Axes
12% increased Accuracy Rating with Axes
15% increased Attack Speed while Leeching
20% increased Damage with Ailments from Attack Skills while wielding an Axe"
Clear Oil,Verdant Oil,Violet Oil,Deep Thoughts,"20% increased maximum Mana
20% increased Mana Regeneration Rate
+20 to Intelligence"
Sepia Oil,Verdant Oil,Violet Oil,Heavy Draw,"20% increased Physical Damage with Bows
10% reduced Enemy Stun Threshold with Bows
30% increased Stun Duration with Bows on Enemies
12% increased Area of Effect
20% increased Damage Over Time with Bow Skills"
Amber Oil,Verdant Oil,Violet Oil,Silent Steps,"20% increased Evasion Rating
60% chance to Avoid Blind
5% reduced Damage taken from Blinded Enemies"
Verdant Oil,Verdant Oil,Violet Oil,Totemic Zeal,"30% increased Totem Placement speed
Spells Cast by Totems have 6% increased Cast Speed
Attacks used by Totems have 10% increased Attack Speed"
Clear Oil,Teal Oil,Violet Oil,Splitting Strikes,"26% increased Physical Damage with Axes
6% increased Attack Speed with Axes
26% increased Damage with Ailments from Attack Skills while wielding an Axe
+1 to Melee range with Axes"
Sepia Oil,Teal Oil,Violet Oil,Efficient Explosives,"25% increased Mine Damage
20% increased Mine Duration
12% reduced Mana Reservation of Skills that throw Mines"
Amber Oil,Teal Oil,Violet Oil,Gemini,"+4% Chance to Block Attack Damage while Dual Wielding
16% increased Weapon Damage while Dual Wielding
6% increased Attack Speed while Dual Wielding
12% increased Accuracy Rating while Dual Wielding
Attack Skills deal 16% increased Damage with Ailments while Dual Wielding"
Verdant Oil,Teal Oil,Violet Oil,Razor's Edge,"+10% to Damage over Time Multiplier for Bleeding
30% increased Physical Damage with Swords
Attacks have 15% chance to cause Bleeding
30% increased Damage with Ailments from Attack Skills while wielding a Sword"
Teal Oil,Teal Oil,Violet Oil,Elder Power,"10% increased Wand Damage per Power Charge
10% chance to gain a Power Charge on Kill"
Clear Oil,Azure Oil,Violet Oil,Expeditious Munitions,"20% increased Trap Damage
30% increased Trap Trigger Area of Effect
8% increased Trap Throwing Speed"
Sepia Oil,Azure Oil,Violet Oil,Honed Edge,"24% increased Damage with Swords
6% increased Attack Speed with Swords
20% increased Evasion Rating
+200 to Accuracy Rating with Swords
24% increased Damage with Ailments from Attack Skills while wielding a Sword"
Amber Oil,Azure Oil,Violet Oil,Kinetic Impacts,"24% increased Physical Damage with Two Handed Melee Weapons
10% chance to double Stun Duration
24% increased Damage with Ailments from Attack Skills while wielding a Two Handed Weapon
4% chance to deal Double Damage"
Verdant Oil,Azure Oil,Violet Oil,Forceful Skewering,"15% chance to Impale Enemies on Hit with Attacks
5% increased Impale Effect
+20 to Strength"
Teal Oil,Azure Oil,Violet Oil,Sacrifice,"Minions have 20% increased maximum Life
Regenerate 1% of Life per second
Minions Regenerate of 1% Life per second
Minions have +10% to all Elemental Resistances"
Azure Oil,Azure Oil,Violet Oil,Smashing Strikes,"30% increased Damage with Staves
30% increased Critical Strike Chance with Staves
10% chance to gain an Endurance Charge on Melee Critical Strike
30% increased Damage with Ailments from Attack Skills while wielding a Staff
+2 to Melee range with Staves"
Clear Oil,Violet Oil,Violet Oil,Pain Forger,"60% increased Critical Strike Chance with Maces and Sceptres
5% reduced Enemy Stun Threshold with Maces and Sceptres
8% chance to gain a Power Charge when you Stun with Melee Damage"
Sepia Oil,Violet Oil,Violet Oil,Grave Intentions,"Minions have +15% to Chaos Resistance
Minions have 25% chance to gain Unholy Might for 4 seconds on Kill
Minions gain 10% of Maximum Life as Extra Maximum Energy Shield"
Amber Oil,Violet Oil,Violet Oil,Claws of the Pride,"25% increased Damage with Claws
15% increased Attack and Cast Speed if you've used a Movement Skill Recently
25% increased Damage with Ailments from Attack Skills while wielding a Claw
+1 to Melee range with Claws"
Verdant Oil,Violet Oil,Violet Oil,Spinecruncher,"28% increased Physical Damage with Maces and Sceptres
50% increased Stun Duration against Enemies that are on Full Life
10% chance to double Stun Duration
28% increased Damage with Ailments from Attack Skills while wielding a Mace or Sceptre"
Teal Oil,Violet Oil,Violet Oil,Unstable Munitions,"24% increased Trap Damage
8% increased Area of Effect
40% increased Trap Trigger Area of Effect"
Azure Oil,Violet Oil,Violet Oil,Bludgeon Blitz,"18% increased Damage with Maces and Sceptres
8% increased Attack Speed with Maces and Sceptres
+200 to Accuracy Rating with Maces and Sceptres
18% increased Damage with Ailments from Attack Skills while wielding a Mace or Sceptre
6% increased Movement Speed if you've Hit an Enemy Recently"
Violet Oil,Violet Oil,Violet Oil,Enigmatic Defence,"+5% Chance to Block Spell Damage while wielding a Staff
15% increased Spell Damage while wielding a Staff
10% chance to gain Unholy Might on block for 3 seconds
+5% Chance to Block Attack Damage while wielding a Staff"
Clear Oil,Clear Oil,Crimson Oil,Successive Detonations,"20% increased Critical Strike Chance for each Mine Detonated\nRecently, up to 100%
+8% to Critical Strike Multiplier for each Mine Detonated\nRecently, up to 40%"
Clear Oil,Sepia Oil,Crimson Oil,Galvanic Hammer,"10% increased Accuracy Rating with Maces and Sceptres
25% increased Elemental Damage with Maces and Sceptres
Damage with Weapons Penetrates 5% Elemental Resistance"
Sepia Oil,Sepia Oil,Crimson Oil,Magmatic Strikes,"Gain 5% of Physical Damage as Extra Fire Damage
24% increased Fire Damage with Attack Skills"
Clear Oil,Amber Oil,Crimson Oil,Toxic Strikes,"+8% to Damage over Time Multiplier for Poison
10% increased Poison Duration
10% chance to Poison on Hit
30% increased Chaos Damage with Attack Skills"
Sepia Oil,Amber Oil,Crimson Oil,Entropy,"27% increased Damage over Time
5% increased Skill Effect Duration"
Amber Oil,Amber Oil,Crimson Oil,Bladedancer,"24% increased Damage with Swords
6% increased Attack Speed with Swords
24% increased Damage with Ailments from Attack Skills while wielding a Sword
+1 to Melee range with Swords"
Clear Oil,Verdant Oil,Crimson Oil,Blast Waves,"Skills used by Mines deal 30% increased Area Damage if you Detonated a Mine Recently
Skills used by Mines have 10% increased Area of Effect
Skills used by Mines have 10% increased Area of Effect if you Detonated a Mine Recently"
Sepia Oil,Verdant Oil,Crimson Oil,Master Fletcher,"12% increased Damage with Bows
12% increased Attack Speed with Bows
20% increased Global Accuracy Rating
20% increased Arrow Speed
12% increased Damage Over Time with Bow Skills"
Amber Oil,Verdant Oil,Crimson Oil,Primal Manifestation,"24% increased Totem Damage
20% increased Totem Life
20% increased Totem Duration
24% increased Damage with Brand Skills
Brand Skills have 20% increased Duration"
Verdant Oil,Verdant Oil,Crimson Oil,Farsight,"24% increased Damage with Bows
6% increased Attack Speed with Bows
16% increased Accuracy Rating with Bows
24% increased Damage Over Time with Bow Skills"
Clear Oil,Teal Oil,Crimson Oil,Ophidian Aim,"8% increased Attack Speed with Staves
12% increased Accuracy Rating with Staves
30% increased Critical Strike Chance with Staves
+150 to Accuracy Rating with Staves"
Sepia Oil,Teal Oil,Crimson Oil,Utmost Swiftness,"+40 to Dexterity
8% increased Dexterity"
Amber Oil,Teal Oil,Crimson Oil,Whirling Barrier,"+6% Chance to Block Spell Damage while wielding a Staff
20% chance to gain a Power Charge when you Block
+6% Chance to Block Attack Damage while wielding a Staff"
Verdant Oil,Teal Oil,Crimson Oil,Hatchet Master,"25% increased Damage with Axes
8% increased Attack Speed with Axes
25% increased Damage with Ailments from Attack Skills while wielding an Axe
40% increased Global Evasion Rating when on Full Life"
Teal Oil,Teal Oil,Crimson Oil,Wandslinger,"8% increased Attack Speed with Wands
10% increased Accuracy Rating with Wands
16% increased Damage with Wands
16% increased Damage with Ailments from Attack Skills while wielding a Wand"
Clear Oil,Azure Oil,Crimson Oil,From the Shadows,"15% increased Damage with Daggers
6% increased Attack Speed with Daggers
15% increased Accuracy Rating with Daggers
10% chance to gain Phasing for 4 seconds on Kill
15% increased Damage with Ailments from Attack Skills while wielding a Dagger"
Sepia Oil,Azure Oil,Crimson Oil,Clever Construction,"20% increased Trap Damage
20% increased Mine Damage
Traps cannot be Damaged for 5 seconds after being Thrown
Mines cannot be Damaged for 5 seconds after being thrown"
Amber Oil,Azure Oil,Crimson Oil,Utmost Might,"+40 to Strength
8% increased Strength"
Verdant Oil,Azure Oil,Crimson Oil,Flash Freeze,"24% increased Cold Damage
20% increased Projectile Speed
10% increased Effect of Chill"
Teal Oil,Azure Oil,Crimson Oil,Fearsome Force,"Minions deal 15% increased Damage
Minions have 10% increased Area of Effect
Minions have 10% increased Area of Effect if you used a Minion Skill Recently
+10 to Intelligence"
Azure Oil,Azure Oil,Crimson Oil,Holy Dominion,"+12% to all Elemental Resistances
12% increased Elemental Damage
5% chance to Freeze, Shock and Ignite
12% increased Physical Damage"
Clear Oil,Violet Oil,Crimson Oil,Flaying,"24% increased Damage with Daggers
12% increased Attack Speed with Daggers
10% increased Accuracy Rating with Daggers
24% increased Damage with Ailments from Attack Skills while wielding a Dagger
+1 to Melee range with Daggers"
Sepia Oil,Violet Oil,Crimson Oil,Redemption,"12% increased Damage
Minions have 10% increased Movement Speed
Minions have 5% increased Attack Speed
Minions have 5% increased Cast Speed
20% increased Minion Accuracy Rating"
Amber Oil,Violet Oil,Crimson Oil,Utmost Intellect,"+40 to Intelligence
8% increased Intelligence"
Verdant Oil,Violet Oil,Crimson Oil,Butchery,"25% increased Physical Damage with Two Handed Melee Weapons
5% increased Attack Speed with Two Handed Melee Weapons
25% increased Damage with Ailments from Attack Skills while wielding a Two Handed Weapon
+20 to Strength"
Teal Oil,Violet Oil,Crimson Oil,Static Blows,"20% increased Shock Duration on Enemies
40% increased Critical Strike Chance against Shocked Enemies
30% increased Damage if you have Shocked an Enemy Recently
30% increased Effect of Shock"
Azure Oil,Violet Oil,Crimson Oil,Light Eater,"0.8% of Spell Damage Leeched as Energy Shield
20% increased Maximum total Recovery per second from Energy Shield Leech
24% increased Damage while on Full Energy Shield"
Violet Oil,Violet Oil,Crimson Oil,Aspect of the Lynx,"16% increased Attack Damage
4% increased Movement Speed
20% increased Critical Strike Chance
+10 to Dexterity and Intelligence"
Clear Oil,Crimson Oil,Crimson Oil,Shaper,"40% increased Mana Regeneration Rate
Regenerate 1% of Life per second"
Sepia Oil,Crimson Oil,Crimson Oil,"Ash, Frost and Storm","+6% to all Elemental Resistances
20% increased Elemental Damage
20% reduced Reflected Elemental Damage taken"
Amber Oil,Crimson Oil,Crimson Oil,Nimbleness,"6% increased Cast Speed
+12% to Critical Strike Multiplier for Spells
4% increased Movement Speed
15% chance to Avoid interruption from Stuns while Casting"
Verdant Oil,Crimson Oil,Crimson Oil,Arcane Focus,"18% increased maximum Energy Shield
10% increased Energy Shield Recharge Rate"
Teal Oil,Crimson Oil,Crimson Oil,Heartseeker,+30% to Critical Strike Multiplier
Azure Oil,Crimson Oil,Crimson Oil,Harrier,"9% increased Attack Speed
5% increased Cast Speed
5% increased Movement Speed"
Violet Oil,Crimson Oil,Crimson Oil,Light of Divinity,"15% increased Spell Damage
4% increased Cast Speed
20% increased Critical Strike Chance for Spells
10% increased Light Radius
+10 to Strength and Intelligence"
Crimson Oil,Crimson Oil,Crimson Oil,Coldhearted Calculation,"12% increased Attack Damage
12% increased Spell Damage
20% increased Mana Regeneration Rate
+20 to Intelligence"
Clear Oil,Clear Oil,Black Oil,Annihilation,"50% increased Critical Strike Chance for Spells
+15% to Critical Strike Multiplier for Spells"
Clear Oil,Sepia Oil,Black Oil,Testudo,"60% increased Block Recovery
+20 Mana gained when you Block
40% increased Defences from Equipped Shield
+5% Chance to Block Attack Damage while holding a Shield"
Sepia Oil,Sepia Oil,Black Oil,Lightning Walker,"25% increased Lightning Damage
5% increased Cast Speed with Lightning Skills
+15% to Lightning Resistance"
Clear Oil,Amber Oil,Black Oil,Exceptional Performance,25% increased Skill Effect Duration
Sepia Oil,Amber Oil,Black Oil,Cleaving,"20% increased Physical Damage with Axes
30% increased Damage with Hits and Ailments against Bleeding Enemies
20% increased Damage with Ailments from Attack Skills while wielding an Axe
Bleeding you inflict deals Damage 15% faster
+1 to Melee range with Axes"
Amber Oil,Amber Oil,Black Oil,Divine Fury,"Gain 5% of Physical Damage as Extra Fire Damage
12% increased Elemental Damage
Fire Spells have 15% of Physical Damage Converted to Fire Damage
12% increased Physical Damage"
Clear Oil,Verdant Oil,Black Oil,Combat Stamina,"20% increased Armour
5% increased maximum Life
Regenerate 1% of Life per second"
Sepia Oil,Verdant Oil,Black Oil,Will of Blades,"25% increased Critical Strike Chance
25% increased Physical Damage"
Amber Oil,Verdant Oil,Black Oil,Reflexes,"+150 to Accuracy Rating
15% increased Global Accuracy Rating
+150 to Evasion Rating
30% increased Evasion Rating"
Verdant Oil,Verdant Oil,Black Oil,Trickery,"20% increased Damage
20% increased Critical Strike Chance
+10 to Dexterity and Intelligence"
Clear Oil,Teal Oil,Black Oil,Arcane Guarding,"+6% Chance to Block Spell Damage while holding a Shield
15% increased Spell Damage while holding a Shield
60% increased Energy Shield from Equipped Shield
20% increased Spell Damage if you've Blocked Recently"
Sepia Oil,Teal Oil,Black Oil,Divine Judgement,"+6% to Fire Damage over Time Multiplier
18% increased Elemental Damage
Damage Penetrates 5% Elemental Resistances
10% increased Effect of non-Damaging Ailments on Enemies"
Amber Oil,Teal Oil,Black Oil,Defiance,"20% increased Attack Damage while holding a Shield
25% increased Defences from Equipped Shield
Attack Skills deal 20% increased Damage with Ailments while holding a Shield
+3% Chance to Block Attack Damage while holding a Shield"
Verdant Oil,Teal Oil,Black Oil,Enigmatic Reach,"8% increased Attack Speed with Staves
8% increased Cast Speed while wielding a Staff
3% increased Area of Effect per Power Charge
10% increased Area of Effect while wielding a Staff"
Teal Oil,Teal Oil,Black Oil,Warrior's Blood,"Regenerate 1.8% of Life per second
20% increased Stun Threshold
+20 to Strength"
Clear Oil,Azure Oil,Black Oil,Twin Terrors,"12% increased Accuracy Rating while Dual Wielding
75% increased Weapon Critical Strike Chance while Dual Wielding"
Sepia Oil,Azure Oil,Black Oil,Snowforged,"25% increased Fire Damage
25% increased Cold Damage
+10% to Fire and Cold Resistances
30% increased Critical Strike Chance"
Amber Oil,Azure Oil,Black Oil,Ambidexterity,"50% increased Attack Damage with Main Hand
20% increased Attack Speed with Off Hand
Attack Skills deal 50% increased Damage with Ailments while Dual Wielding"
Verdant Oil,Azure Oil,Black Oil,Command of the Elements,"6% increased Attack Speed while holding a Shield
40% increased Defences from Equipped Shield
Damage with Weapons Penetrates 4% Elemental Resistance
24% increased Elemental Damage with Attack Skills"
Teal Oil,Azure Oil,Black Oil,Finesse,"8% increased Attack Speed
15% increased Global Accuracy Rating
+20 to Dexterity"
Azure Oil,Azure Oil,Black Oil,Sanctity,"20% increased Armour
10% increased maximum Energy Shield
Regenerate 1% of Life per second
+10 to Strength and Intelligence"
Clear Oil,Violet Oil,Black Oil,Acuity,"5% increased Attack Speed
+100 to Accuracy Rating
15% increased Global Accuracy Rating
+20 to Dexterity"
Sepia Oil,Violet Oil,Black Oil,Mental Rapidity,"8% increased Cast Speed
10% increased Energy Shield Recharge Rate
20% increased Mana Regeneration Rate"
Amber Oil,Violet Oil,Black Oil,Revelry,"+20 to maximum Mana
15% increased maximum Mana
+2 Mana gained for each Enemy hit by your Attacks"
Verdant Oil,Violet Oil,Black Oil,Aggressive Bastion,"30% increased Physical Attack Damage while holding a Shield
Attack Skills deal 30% increased Damage with Ailments while holding a Shield
5% chance to gain an Endurance Charge on Kill while holding a Shield
+4% Chance to Block Attack Damage while holding a Shield"
Teal Oil,Violet Oil,Black Oil,Essence Sap,"0.6% of Attack Damage Leeched as Mana
25% increased Maximum total Recovery per second from Mana Leech
+2 Mana gained for each Enemy hit by your Attacks
20% increased total Recovery per second from Mana Leech"
Azure Oil,Violet Oil,Black Oil,Adamant,"20% increased Armour
+250 to Armour while affected by a Guard Skill Buff
10% chance when Hit for double Armour effect
Regenerate 0.5% of Life per second while affected by a Guard Skill Buff"
Violet Oil,Violet Oil,Black Oil,Graceful Assault,"20% increased Attack Damage
30% increased Evasion Rating during Onslaught
20% increased Onslaught Effect
10% chance to gain Onslaught for 4 seconds on Kill"
Clear Oil,Crimson Oil,Black Oil,Arcanist's Dominion,"20% increased Spell Damage
5% increased Cast Speed
+20 to Intelligence"
Sepia Oil,Crimson Oil,Black Oil,Storm Weaver,"25% increased Cold Damage
25% increased Lightning Damage
20% increased Mana Regeneration Rate
10% increased Effect of non-Damaging Ailments on Enemies"
Amber Oil,Crimson Oil,Black Oil,Coordination,"12% increased Attack Speed
6% increased Cast Speed
+10 to Dexterity and Intelligence"
Verdant Oil,Crimson Oil,Black Oil,Precise Interception,"15% increased Attack Damage while holding a Shield
6% increased Attack Speed while holding a Shield
60% increased Defences from Equipped Shield
Attack Skills deal 15% increased Damage with Ailments while holding a Shield
+3% Chance to Block Attack Damage while holding a Shield"
Teal Oil,Crimson Oil,Black Oil,True Strike,"+12% to Critical Strike Multiplier
45% increased Critical Strike Chance"
Azure Oil,Crimson Oil,Black Oil,Dervish,"+2% Chance to Block Attack Damage while Dual Wielding
24% increased Weapon Damage while Dual Wielding
6% increased Attack Speed while Dual Wielding
Attack Skills deal 24% increased Damage with Ailments while Dual Wielding"
Violet Oil,Crimson Oil,Black Oil,Fire Walker,"25% increased Fire Damage
5% increased Cast Speed with Fire Skills
+15% to Fire Resistance"
Crimson Oil,Crimson Oil,Black Oil,Essence Extraction,"15% increased Mana Regeneration Rate
15% increased Flask Charges gained
Mana Flasks gain 1 Charge every 3 seconds
Remove a random Elemental Ailment when you use a Mana Flask"
Clear Oil,Black Oil,Black Oil,Lethal Assault,"18% increased Damage
10% increased Projectile Speed
10% increased Area of Effect"
Sepia Oil,Black Oil,Black Oil,Sanctum of Thought,"You take 20% reduced Extra Damage from Critical Strikes
30% increased Armour
20% reduced Effect of Curses on you"
Amber Oil,Black Oil,Black Oil,Precision,"10% increased Global Accuracy Rating
4% increased Movement Speed
5% increased Attack and Cast Speed
+20 to Dexterity"
Verdant Oil,Black Oil,Black Oil,Righteous Army,"Minions have 20% increased maximum Life
Regenerate 1% of Life per second
Minions deal 20% increased Damage
Minions Regenerate of 1% Life per second"
Black Oil,Black Oil,Black Oil,Disciple of the Forbidden,"+1 to Minimum Power Charges
5% chance to gain a Power Charge on Kill
5% increased Damage per Power Charge"
Clear Oil,Clear Oil,Opalescent Oil,Eagle Eye,"+100 to Accuracy Rating
15% increased Global Accuracy Rating
30% increased Critical Strike Chance"
Clear Oil,Sepia Oil,Opalescent Oil,Berserking,12% increased Attack Speed
Sepia Oil,Sepia Oil,Opalescent Oil,Potency of Will,25% increased Skill Effect Duration
Clear Oil,Amber Oil,Opalescent Oil,Brinkmanship,"5% reduced Area Damage taken from Hits
+2 to Melee Weapon and Unarmed Attack range
10% increased Area of Effect if you have Stunned an Enemy Recently
Melee Skills have 10% increased Area of Effect"
Sepia Oil,Amber Oil,Opalescent Oil,Fleetfoot,"20% increased Evasion Rating
5% increased Movement Speed
10% increased Attack and Cast Speed if you've used a Movement Skill Recently
20% increased Cooldown Recovery Speed of Movement Skills"
Amber Oil,Amber Oil,Opalescent Oil,Divine Wrath,"Gain 5% of Physical Damage as Extra Lightning Damage
12% increased Elemental Damage
Lightning Spells have 15% of Physical Damage Converted to Lightning Damage
12% increased Physical Damage"
Clear Oil,Verdant Oil,Opalescent Oil,Blast Radius,"10% increased Area of Effect
20% increased Area Damage"
Sepia Oil,Verdant Oil,Opalescent Oil,Destroyer,"25% increased Physical Damage with Two Handed Melee Weapons
5% increased Attack Speed with Two Handed Melee Weapons
12% increased Accuracy Rating with Two Handed Melee Weapons
25% increased Damage with Ailments from Attack Skills while wielding a Two Handed Weapon"
Amber Oil,Verdant Oil,Opalescent Oil,Titanic Impacts,"12% increased Accuracy Rating with Two Handed Melee Weapons
40% increased Critical Strike Chance with Two Handed Melee Weapons
+20% to Critical Strike Multiplier with Two Handed Melee Weapons"
Verdant Oil,Verdant Oil,Opalescent Oil,Versatility,"5% increased Attack Speed
10% increased Global Accuracy Rating
20% increased Critical Strike Chance
+20 to Dexterity and Intelligence"
Clear Oil,Teal Oil,Opalescent Oil,Wrecking Ball,"10% increased Attack Speed with Two Handed Melee Weapons
20% increased Stun Duration with Two Handed Melee Weapons on Enemies
20% increased Damage with Two Handed Weapons
20% increased Damage with Ailments from Attack Skills while wielding a Two Handed Weapon"
Sepia Oil,Teal Oil,Opalescent Oil,Deflection,"+4% Chance to Block Spell Damage while holding a Shield
40% increased Defences from Equipped Shield
+8% Chance to Block Projectile Attack Damage
+4% Chance to Block Attack Damage while holding a Shield"
Amber Oil,Teal Oil,Opalescent Oil,Juggernaut,"16% increased Armour
6% increased maximum Life
20% increased Life Recovery from Flasks"
Verdant Oil,Teal Oil,Opalescent Oil,Sleight of Hand,"8% increased Attack Speed with One Handed Melee Weapons
20% increased Damage with One Handed Weapons
30% increased Damage with Ailments from Attack Skills while wielding a One Handed Weapon"
Teal Oil,Teal Oil,Opalescent Oil,Dazzling Strikes,"15% increased Global Accuracy Rating
40% increased Critical Strike Chance against Blinded Enemies
10% chance to Blind Enemies on Hit with Attacks"
Clear Oil,Azure Oil,Opalescent Oil,Strong Arm,"25% increased Physical Damage with One Handed Melee Weapons
5% increased Attack Speed with One Handed Melee Weapons
25% increased Damage with Ailments from Attack Skills while wielding a One Handed Weapon
+20 to Strength"
Sepia Oil,Azure Oil,Opalescent Oil,Battle Cry,"10% increased Warcry Cooldown Recovery Speed
Using Warcries is Instant
20% increased Warcry Buff Effect"
Amber Oil,Azure Oil,Opalescent Oil,Amplify,"10% increased Area of Effect
20% increased Area Damage"
Verdant Oil,Azure Oil,Opalescent Oil,Explosive Impact,"25% increased Fire Damage
8% increased Area of Effect"
Teal Oil,Azure Oil,Opalescent Oil,Dark Arts,"5% increased Cast Speed while Dual Wielding
10% increased Attack and Cast Speed if you've used a Movement Skill Recently
30% increased Mana Regeneration if you've used a Movement Skill Recently
+10 to Dexterity and Intelligence"
Azure Oil,Azure Oil,Opalescent Oil,Steadfast,"30% increased Armour while you have Fortify
10% increased Effect of Fortify on you
10% increased Effect of Fortify on you while Stationary"
Clear Oil,Violet Oil,Opalescent Oil,Blade Barrier,"+5% Chance to Block Attack Damage while Dual Wielding
50% increased Block Recovery
24% increased Weapon Damage while Dual Wielding
Attack Skills deal 24% increased Damage with Ailments while Dual Wielding"
Sepia Oil,Violet Oil,Opalescent Oil,Melding,"10% increased maximum Energy Shield
6% increased maximum Life"
Amber Oil,Violet Oil,Opalescent Oil,Throatseeker,+30% to Critical Strike Multiplier
Verdant Oil,Violet Oil,Opalescent Oil,Frost Walker,"25% increased Cold Damage
5% increased Cast Speed with Cold Skills
+15% to Cold Resistance"
Teal Oil,Violet Oil,Opalescent Oil,Mysticism,"+4% Chance to Block Spell Damage while Dual Wielding
+4% Chance to Block Attack Damage while Dual Wielding
16% increased Spell Damage while Dual Wielding
10% chance to gain a Frenzy Charge when you Block Attack Damage
10% chance to gain a Power Charge when you Block Spell Damage"
Azure Oil,Violet Oil,Opalescent Oil,Ballistic Mastery,"20% increased Projectile Speed
15% increased Projectile Damage
+20 to Dexterity"
Violet Oil,Violet Oil,Opalescent Oil,Hired Killer,"6% increased maximum Life
+10 Life gained on Kill"
Clear Oil,Crimson Oil,Opalescent Oil,Retribution,"14% increased Damage
Minions deal 10% increased Damage
5% increased Attack and Cast Speed
+10 to Strength and Intelligence"
Sepia Oil,Crimson Oil,Opalescent Oil,Soul Thief,"18% increased Evasion Rating
12% increased maximum Energy Shield
0.3% of Spell Damage Leeched as Energy Shield"
Amber Oil,Crimson Oil,Opalescent Oil,Command of Steel,"25% increased Attack Damage while holding a Shield
6% increased Attack Speed while holding a Shield
Attack Skills deal 25% increased Damage with Ailments while holding a Shield
+3% Chance to Block Attack Damage while holding a Shield"
Verdant Oil,Crimson Oil,Opalescent Oil,Retaliation,"20% increased Attack Damage while holding a Shield
8% increased Attack Speed while holding a Shield
40% increased Defences from Equipped Shield
Attack Skills deal 20% increased Damage with Ailments while holding a Shield"
Teal Oil,Crimson Oil,Opalescent Oil,Longshot,"20% increased Projectile Speed
20% increased Projectile Attack Damage
Projectiles gain Damage as they travel farther, dealing up\nto 40% increased Damage with Hits to targets"
Azure Oil,Crimson Oil,Opalescent Oil,Dire Torment,"+20% to Damage over Time Multiplier for Ailments from Critical Strikes
30% increased Critical Strike Chance"
Violet Oil,Crimson Oil,Opalescent Oil,Disciple of the Unyielding,"+1 to Minimum Endurance Charges
5% chance to gain an Endurance Charge on Kill
5% increased Damage per Endurance Charge"
Crimson Oil,Crimson Oil,Opalescent Oil,Singular Focus,"4% additional Physical Damage Reduction while Channelling
Channelling Skills have 6% increased Attack and Cast Speed
Channelling Skills deal 15% increased Damage"
Clear Oil,Black Oil,Opalescent Oil,Skull Cracking,"30% increased Physical Damage with Maces and Sceptres
10% reduced Enemy Stun Threshold with Maces and Sceptres
Hits that Stun Enemies have Culling Strike
30% increased Damage with Ailments from Attack Skills while wielding a Mace or Sceptre"
Sepia Oil,Black Oil,Opalescent Oil,Adder's Touch,"+15% to Damage over Time Multiplier for Poison from Critical Strikes
Critical Strikes with Daggers have a 40% chance to Poison the Enemy
+30% to Critical Strike Multiplier with Daggers
20% increased Damage with Poison"
Amber Oil,Black Oil,Opalescent Oil,Feller of Foes,"30% increased Damage with Axes
+30% to Critical Strike Multiplier with Axes
+200 to Accuracy Rating with Axes
30% increased Damage with Ailments from Attack Skills while wielding an Axe"
Verdant Oil,Black Oil,Opalescent Oil,Blacksmith's Clout,"18% increased Physical Damage with Maces and Sceptres
40% increased Critical Strike Chance with Maces and Sceptres
+25% to Critical Strike Multiplier with Maces and Sceptres
18% increased Damage with Ailments from Attack Skills while wielding a Mace or Sceptre"
Teal Oil,Black Oil,Opalescent Oil,Master Sapper,"30% increased Trap Damage
20% increased Trap Trigger Area of Effect
Can have up to 2 additional Traps placed at a time
15% chance to gain a Frenzy Charge when your Trap is triggered by an Enemy"aa
Azure Oil,Black Oil,Opalescent Oil,Serpent Stance,"40% increased Global Critical Strike Chance while wielding a Staff
+35% to Global Critical Strike Multiplier while wielding a Staff"
Violet Oil,Black Oil,Opalescent Oil,Claws of the Hawk,"40% increased Critical Strike Chance with Claws
+25% to Critical Strike Multiplier with Claws
10% chance to Blind Enemies on Critical Strike"
Crimson Oil,Black Oil,Opalescent Oil,Hex Master,"40% increased Area of Effect of Curse Skills
5% increased Effect of your Curses
Curse Skills have 80% increased Skill Effect Duration"
Black Oil,Black Oil,Opalescent Oil,Master of Force,"20% reduced Reflected Physical Damage taken
4% chance to deal Double Damage
+20 to Strength
20% increased Physical Damage"
Clear Oil,Opalescent Oil,Opalescent Oil,Avatar of the Hunt,"24% increased Damage with Bows
+200 to Evasion Rating
6% increased Movement Speed
24% increased Damage Over Time with Bow Skills
20% increased Cooldown Recovery Speed of Movement Skills"
Sepia Oil,Opalescent Oil,Opalescent Oil,Prism Weave,"6% increased Attack Speed with Wands
24% increased Elemental Damage with Wands
Damage with Weapons Penetrates 5% Elemental Resistance"
Amber Oil,Opalescent Oil,Opalescent Oil,Fatal Blade,"10% increased Damage with Swords
60% increased Critical Strike Chance with Swords
+30% to Critical Strike Multiplier with Swords
10% increased Damage with Ailments from Attack Skills while wielding a Sword"
Verdant Oil,Opalescent Oil,Opalescent Oil,Ravenous Horde,"Minions have 20% increased Movement Speed
Minions deal 20% increased Damage
Minions have 5% increased Attack Speed
Minions have 5% increased Cast Speed
Minions have 10% chance to gain Onslaught for 4 seconds on Kill"
Teal Oil,Opalescent Oil,Opalescent Oil,One with the River,"30% increased Elemental Damage with Staves
Damage with Weapons Penetrates 5% Elemental Resistance
5% reduced Elemental Damage taken while stationary"
Azure Oil,Opalescent Oil,Opalescent Oil,Volatile Mines,"20% increased Mine Damage
Can have up to 2 additional Remote Mines placed at a time
Mines have 20% increased Detonation Speed
Each Mine applies 2% increased Damage taken to Enemies near it, up to 10%"
Violet Oil,Opalescent Oil,Opalescent Oil,Bravery,"24% increased Evasion Rating and Armour
8% increased maximum Life"
Crimson Oil,Opalescent Oil,Opalescent Oil,Vigour,+1 to Maximum Endurance Charges
Black Oil,Opalescent Oil,Opalescent Oil,Crackling Speed,"16% increased Lightning Damage
4% increased Cast Speed
+15% to Critical Strike Multiplier
10% increased Effect of Shock"
Opalescent Oil,Opalescent Oil,Opalescent Oil,Tireless,"8% increased maximum Life
6% reduced Mana Cost of Skills"
Clear Oil,Clear Oil,Silver Oil,Arcing Blows,"Damage with Weapons Penetrates 8% Lightning Resistance
30% increased Lightning Damage with Attack Skills
10% increased Effect of Shock"
Clear Oil,Sepia Oil,Silver Oil,Blade Master,"20% increased Physical Damage with Swords
8% increased Attack Speed with Swords
+200 to Accuracy Rating with Swords
20% increased Damage with Ailments from Attack Skills while wielding a Sword
+1 to Melee range with Swords"
Sepia Oil,Sepia Oil,Silver Oil,Fangs of Frost,"Damage with Weapons Penetrates 8% Cold Resistance
30% increased Cold Damage with Attack Skills
10% increased Effect of Chill"
Clear Oil,Amber Oil,Silver Oil,Counterweight,"60% increased Global Critical Strike Chance while wielding a Staff
+30% to Global Critical Strike Multiplier while wielding a Staff"
Sepia Oil,Amber Oil,Silver Oil,Destructive Apparatus,"20% increased Mine Damage
40% increased Mine Duration
10% increased Mine Throwing Speed
Each Mine applies 2% reduced Damage dealt to Enemies near it, up to 10%"
Amber Oil,Amber Oil,Silver Oil,Dirty Techniques,"+10% to Damage over Time Multiplier
20% increased Poison Duration
20% increased Bleeding Duration
Bleeding you inflict deals Damage 5% faster
Poisons you inflict deal Damage 5% faster"
Clear Oil,Verdant Oil,Silver Oil,Hunter's Gambit,"+10% to Chaos Damage over Time Multiplier
24% increased Damage with Bows
10% increased Skill Effect Duration
24% increased Damage Over Time with Bow Skills
Poisons you inflict deal Damage 10% faster"
Sepia Oil,Verdant Oil,Silver Oil,Soul Raker,"20% increased Damage with Claws
1.2% of Attack Damage Leeched as Life
0.8% of Attack Damage Leeched as Mana
50% increased total Recovery per second from Life Leech
20% increased Damage with Ailments from Attack Skills while wielding a Claw"
Amber Oil,Verdant Oil,Silver Oil,Tempest Blast,Gain 20% of Wand Physical Damage as Extra Lightning Damage
Verdant Oil,Verdant Oil,Silver Oil,High Explosives,"30% increased Mine Duration
30% increased Trap Trigger Area of Effect
Trap Damage Penetrates 10% Elemental Resistances
Mine Damage Penetrates 10% Elemental Resistances"
Clear Oil,Teal Oil,Silver Oil,Backstabbing,"40% increased Critical Strike Chance with Daggers
+30% to Critical Strike Multiplier with Daggers
+40% to Critical Strike Multiplier against Enemies that are on Full Life
30% increased Critical Strike Chance against Enemies on Full Life"
Sepia Oil,Teal Oil,Silver Oil,Winter Spirit,"20% of Physical Damage Converted to Cold Damage
16% increased Cold Damage with Attack Skills"
Amber Oil,Teal Oil,Silver Oil,Holy Fire,"+12% to Fire Damage over Time Multiplier
20% increased Fire Damage
15% chance to Ignite"
Verdant Oil,Teal Oil,Silver Oil,Method to the Madness,"+8% to Chaos Damage over Time Multiplier
22% increased Chaos Damage
+8% to Chaos Resistance"
Teal Oil,Teal Oil,Silver Oil,Devastating Devices,"50% increased Critical Strike Chance with Traps
50% increased Critical Strike Chance with Mines
+30% to Critical Strike Multiplier with Traps
+30% to Critical Strike Multiplier with Mines"
Clear Oil,Azure Oil,Silver Oil,Shaman's Dominion,"100% increased Global Critical Strike Chance if you've Summoned a Totem Recently
+20% to Critical Strike Multiplier with Totem Skills
50% increased Critical Strike Chance with Brand Skills
+20% to Critical Strike Multiplier with Brand Skills"
Sepia Oil,Azure Oil,Silver Oil,Blade of Cunning,"20% increased Physical Damage with Swords
40% increased Critical Strike Chance with Swords
+15% to Critical Strike Multiplier with Swords
20% increased Damage with Ailments from Attack Skills while wielding a Sword"
Amber Oil,Azure Oil,Silver Oil,Searing Heat,"+20% to Damage over Time Multiplier for Ignite from Critical Strikes
45% increased Critical Strike Chance for Spells
+20% to Critical Strike Multiplier against Burning Enemies"
Verdant Oil,Azure Oil,Silver Oil,Forces of Nature,"Damage with Weapons Penetrates 6% Elemental Resistance
20% increased Elemental Damage with Attack Skills"
Teal Oil,Azure Oil,Silver Oil,Gladiator's Perseverance,"20% increased Physical Damage with One Handed Melee Weapons
0.6% of Physical Attack Damage Leeched as Life
10% increased Maximum total Recovery per second from Life Leech
20% increased Damage with Ailments from Attack Skills while wielding a One Handed Weapon
20% increased Attack Damage while Leeching"
Azure Oil,Azure Oil,Silver Oil,Bloodletting,"+8% to Damage over Time Multiplier for Bleeding
40% increased Attack Damage against Bleeding Enemies
25% increased Damage with Bleeding
5% reduced Damage taken from Bleeding Enemies
Bleeding you inflict deals Damage 10% faster"
Clear Oil,Violet Oil,Silver Oil,Fatal Toxins,"+10% to Damage over Time Multiplier for Poison
+10% to Chaos Resistance
10% increased Poison Duration
30% increased Damage with Poison"
Sepia Oil,Violet Oil,Silver Oil,Lethality,"16% increased Damage with Bows
50% increased Critical Strike Chance with Bows
+30% to Critical Strike Multiplier with Bows
16% increased Damage Over Time with Bow Skills"
Amber Oil,Violet Oil,Silver Oil,Lucidity,"40% chance to Avoid being Stunned while Channelling
Channelling Skills deal 30% increased Damage
Channelling Skills have -3 to Total Mana Cost"
Verdant Oil,Violet Oil,Silver Oil,King of the Hill,"16% increased Damage with Bows
80% increased Critical Strike Chance with Bows
Knocks Back Enemies if you get a Critical Strike with a Bow
16% increased Damage Over Time with Bow Skills"
Teal Oil,Violet Oil,Silver Oil,Charging Offensive,"Channelling Skills deal 16% increased Attack Damage
Channelling Skills have 6% increased Attack Speed
20% chance to gain an Endurance Charge when Hit while Channelling
20% chance to gain a Frenzy Charge when Hit while Channelling"
Azure Oil,Violet Oil,Silver Oil,Primeval Force,"10% reduced Reflected Elemental Damage taken
Damage with Weapons Penetrates 5% Elemental Resistance
20% increased Elemental Damage during any Flask Effect
20% increased Elemental Damage with Attack Skills"
Violet Oil,Violet Oil,Silver Oil,Swift Skewering,"15% increased Attack Physical Damage
5% increased Attack Speed
15% chance to Impale Enemies on Hit with Attacks"
Clear Oil,Crimson Oil,Silver Oil,Death Attunement,"Minions have 8% increased Attack Speed
Minions have 8% increased Cast Speed
+1 to Maximum number of Spectres
+1 to Maximum number of Raised Zombies
+1 to Maximum number of Skeletons"
Sepia Oil,Crimson Oil,Silver Oil,Deadly Draw,"20% increased Physical Damage with Bows
Bow Attacks have 10% chance to cause Bleeding
30% increased Damage Over Time with Bow Skills
Bleeding you inflict deals Damage 15% faster"
Amber Oil,Crimson Oil,Silver Oil,Blast Cascade,"+30% to Critical Strike Multiplier with Traps
+30% to Critical Strike Multiplier with Mines
15% chance to gain a Power Charge when your Trap is triggered by an Enemy
15% chance to gain a Power Charge when your Mine is Detonated targeting an Enemy"
Verdant Oil,Crimson Oil,Silver Oil,Lord of the Dead,"Minions have 10% increased maximum Life
Minions deal 15% increased Damage
30% increased Minion Accuracy Rating
+1 to Maximum number of Raised Zombies
+1 to Maximum number of Skeletons"
Teal Oil,Crimson Oil,Silver Oil,Blunt Trauma,"15% increased Accuracy Rating with Staves
40% increased Critical Strike Chance with Staves
+20% to Critical Strike Multiplier with Staves
Knocks Back Enemies if you get a Critical Strike with a Staff"
Azure Oil,Crimson Oil,Silver Oil,Runesmith,"You can Cast an additional Brand
Brand Skills deal 30% increased Damage to Enemies they're Attached to
Brand Skills have 10% increased Duration
12% increased Brand Activation frequency"
Violet Oil,Crimson Oil,Silver Oil,Indomitable Army,"Minions have 15% increased maximum Life
Minions have 15% additional Physical Damage Reduction
Minions have +15% to all Elemental Resistances
Moving while Bleeding doesn't cause Minions to take extra Damage"
Crimson Oil,Crimson Oil,Silver Oil,Devotion,"8% increased maximum Life
3% increased effect of Non-Curse Auras from your Skills
+20 to Strength"
Clear Oil,Black Oil,Silver Oil,Purity of Flesh,"8% increased maximum Life
+8% to Chaos Resistance
+10 to Strength"
Sepia Oil,Black Oil,Silver Oil,Crystal Skin,"+5% to all Elemental Resistances
15% chance to Avoid Elemental Ailments
5% reduced Elemental Damage taken"
Amber Oil,Black Oil,Silver Oil,Fervour,+1 to Maximum Frenzy Charges
Verdant Oil,Black Oil,Silver Oil,Profane Chemistry,"6% increased maximum Life
30% increased Life Recovery from Flasks
Flasks applied to you have 8% increased Effect"
Teal Oil,Black Oil,Silver Oil,Cruel Preparation,"10% increased maximum Life
+5% to all Elemental Resistances"
Azure Oil,Black Oil,Silver Oil,Arcane Potency,"30% increased Critical Strike Chance for Spells
+30% to Critical Strike Multiplier for Spells"
Violet Oil,Black Oil,Silver Oil,Hematophagy,"1% of Physical Attack Damage Leeched as Life
15% increased Maximum total Recovery per second from Life Leech
20% increased total Recovery per second from Life Leech
30% increased Damage while Leeching"
Crimson Oil,Black Oil,Silver Oil,Overcharge,+1 to Maximum Power Charges
Black Oil,Black Oil,Silver Oil,Stamina,+1 to Maximum Endurance Charges
Clear Oil,Opalescent Oil,Silver Oil,Overcharged,"8% chance to gain a Power, Frenzy or Endurance Charge on Kill"
Sepia Oil,Opalescent Oil,Silver Oil,Master of the Arena,"Regenerate 1% of Life per second
8% increased Melee Physical Damage
+2 to Melee Weapon and Unarmed Attack range
+20 to Strength"
Amber Oil,Opalescent Oil,Silver Oil,Mystic Talents,"16% increased Spell Damage
+14 to maximum Energy Shield
25% increased Mana Regeneration Rate
+30 to Intelligence"
Verdant Oil,Opalescent Oil,Silver Oil,Divine Fervour,"25% increased Melee Critical Strike Chance
Damage with Weapons Penetrates 3% Elemental Resistance
24% increased Elemental Damage with Attack Skills
+10 to Strength and Intelligence"
Teal Oil,Opalescent Oil,Silver Oil,Herbalism,"10% increased maximum Life
20% increased Life Recovery from Flasks
20% increased Flask Recovery rate"
Azure Oil,Opalescent Oil,Silver Oil,Blood Siphon,"10% increased maximum Life
+5 Life gained on Kill
+20 to Strength"
Violet Oil,Opalescent Oil,Silver Oil,Leadership,"30% increased Area of Effect of Aura Skills
6% increased effect of Non-Curse Auras from your Skills"
Crimson Oil,Opalescent Oil,Silver Oil,Inexorable,"20% increased Armour
Regenerate 0.2% of Life per second per Endurance Charge
10% chance to gain an Endurance Charge when you are Hit
30% increased Armour while stationary"
Black Oil,Opalescent Oil,Silver Oil,Piercing Shots,Projectiles Pierce 2 additional Targets
Opalescent Oil,Opalescent Oil,Silver Oil,Blood Drinker,"8% increased maximum Life
0.4% of Attack Damage Leeched as Life"
Clear Oil,Silver Oil,Silver Oil,Arcane Swiftness,"5% increased Cast Speed while holding a Shield
5% increased Spell Damage per 5% Chance to Block Attack Damage
20% chance to Avoid Elemental Ailments while holding a Shield
20% chance to Avoid being Stunned while holding a Shield
+3% Chance to Block Attack Damage while holding a Shield"
Sepia Oil,Silver Oil,Silver Oil,Stabbing Thirst,"24% increased Damage with Daggers
6% increased Attack Speed with Daggers
0.5% of Attack Damage Leeched as Life
0.5% of Attack Damage Leeched as Mana
24% increased Damage with Ailments from Attack Skills while wielding a Dagger"
Amber Oil,Silver Oil,Silver Oil,Primal Spirit,"15% increased maximum Mana
20% increased Mana Regeneration Rate
20% increased Flask Charges gained
+20 to Strength and Intelligence"
Verdant Oil,Silver Oil,Silver Oil,Instability,+1 to Maximum Power Charges
Teal Oil,Silver Oil,Silver Oil,Breath of Rime,"+10% to Cold Damage over Time Multiplier
20% increased Cold Damage
20% increased Freeze Duration on Enemies
10% chance to Freeze
15% increased Effect of Chill"
Azure Oil,Silver Oil,Silver Oil,Frenetic,+1 to Maximum Frenzy Charges
Violet Oil,Silver Oil,Silver Oil,Thick Skin,"10% increased maximum Life
8% chance to Avoid Elemental Ailments"
Crimson Oil,Silver Oil,Silver Oil,Infused,+1 to Maximum Power Charges
Black Oil,Silver Oil,Silver Oil,Discipline and Training,"+30 to maximum Life
10% increased maximum Life"
Opalescent Oil,Silver Oil,Silver Oil,Skittering Runes,15% increased Effect of your Curses
Silver Oil,Silver Oil,Silver Oil,Sovereignty,"6% reduced Mana Reserved
10% increased effect of Non-Curse Auras from your Skills"
Clear Oil,Clear Oil,Golden Oil,Lava Lash,"Damage with Weapons Penetrates 8% Fire Resistance
30% increased Fire Damage with Attack Skills"
Clear Oil,Sepia Oil,Golden Oil,Atrophy,"+10% to Chaos Damage over Time Multiplier
20% increased Chaos Damage
4% increased Cast Speed with Chaos Skills
+8% to Chaos Resistance"
Sepia Oil,Sepia Oil,Golden Oil,Spiritual Command,"Minions have 8% increased Attack Speed
Minions have 8% increased Cast Speed
Increases and Reductions to Minion Attack Speed also affect you
20% increased Minion Accuracy Rating"
Clear Oil,Amber Oil,Golden Oil,Swift Venoms,"+8% to Damage over Time Multiplier for Poison
8% increased Attack Speed
10% chance to Poison on Hit with Attacks
16% increased Damage with Poison
Poisons you inflict deal Damage 5% faster"
Sepia Oil,Amber Oil,Golden Oil,Stun Mastery,"10% reduced Enemy Stun Threshold
30% increased Stun and Block Recovery
10% chance to gain an Endurance Charge when you Stun an Enemy with a Melee Hit
10% chance to double Stun Duration"
Amber Oil,Amber Oil,Golden Oil,Claws of the Falcon,"16% increased Damage with Claws
12% increased Accuracy Rating with Claws
+30% to Critical Strike Multiplier with Claws
16% increased Damage with Ailments from Attack Skills while wielding a Claw"
Clear Oil,Verdant Oil,Golden Oil,Enduring Bond,"15% increased Skill Effect Duration
Minions deal 20% increased Damage
Minions deal 20% increased Damage if you've used a Minion Skill Recently
15% increased Minion Duration"
Sepia Oil,Verdant Oil,Golden Oil,Brutal Blade,"+4% Chance to Block Attack Damage while Dual Wielding or holding a Shield
20% increased Damage with Swords
8% increased Attack Speed with Swords
20% increased Damage with Ailments from Attack Skills while wielding a Sword
10% chance to gain a Frenzy Charge when you Block Attack Damage"
Amber Oil,Verdant Oil,Golden Oil,Disciple of the Slaughter,"+1 to Minimum Frenzy Charges
5% chance to gain a Frenzy Charge on Kill
5% increased Damage per Frenzy Charge"
Verdant Oil,Verdant Oil,Golden Oil,Insightfulness,"10% increased maximum Energy Shield
10% increased maximum Mana
10% reduced Mana Cost of Skills while on Full Energy Shield
+10 to Intelligence"
Clear Oil,Teal Oil,Golden Oil,Growth and Decay,"20% increased Damage over Time
+10% to Damage over Time Multiplier
Regenerate 1% of Life per second"
Sepia Oil,Teal Oil,Golden Oil,Nightstalker,"20% increased Damage with Daggers
40% increased Critical Strike Chance with Daggers
+20% to Critical Strike Multiplier with Daggers
+150 to Accuracy Rating with Daggers
20% increased Damage with Ailments from Attack Skills while wielding a Dagger"
Amber Oil,Teal Oil,Golden Oil,Arcane Chemistry,"15% increased maximum Mana
25% increased Mana Recovery from Flasks
15% reduced Flask Charges used
Flasks applied to you have 8% increased Effect"
Verdant Oil,Teal Oil,Golden Oil,Influence,14% increased effect of Non-Curse Auras from your Skills
Teal Oil,Teal Oil,Golden Oil,Quick Recovery,"6% increased maximum Life
20% increased Mana Regeneration Rate
Regenerate 0.8% of Life per second"
Clear Oil,Azure Oil,Golden Oil,Cleansed Thoughts,Chaos Resistance is doubled
Sepia Oil,Azure Oil,Golden Oil,Heart of Thunder,"25% increased Lightning Damage
Damage Penetrates 6% Lightning Resistance
0.2% of Lightning Damage Leeched as Energy Shield"
Amber Oil,Azure Oil,Golden Oil,Doom Cast,"60% increased Critical Strike Chance for Spells
+15% to Critical Strike Multiplier for Spells"
Verdant Oil,Azure Oil,Golden Oil,Breath of Flames,"+10% to Fire Damage over Time Multiplier
20% increased Fire Damage
20% increased Ignite Duration on Enemies
20% chance to Ignite"
Teal Oil,Azure Oil,Golden Oil,Heart of Flame,"25% increased Fire Damage
Damage Penetrates 6% Fire Resistance
0.2% of Fire Damage Leeched as Energy Shield"
Azure Oil,Azure Oil,Golden Oil,Cursed Concoction,"15% increased maximum Mana
10% increased Effect of your Curses if you've spent 200 total Mana Recently
Remove a Curse when you use a Mana Flask"
Clear Oil,Violet Oil,Golden Oil,Transcendence,"-10 Physical Damage taken from Hits
-1 Physical Damage taken from Hits per Level"
Sepia Oil,Violet Oil,Golden Oil,Written in Blood,"10% increased maximum Energy Shield
8% increased maximum Life
+10 to Strength"
Amber Oil,Violet Oil,Golden Oil,Aqueous Accelerant,"Flasks applied to you have 10% increased Effect
8% increased Attack and Cast Speed during Effect of any Mana Flask
10% increased Mana Recovery Rate during Effect of any Mana Flask"
Verdant Oil,Violet Oil,Golden Oil,Disemboweling,"50% increased Melee Critical Strike Chance
+25% to Melee Critical Strike Multiplier"
Teal Oil,Violet Oil,Golden Oil,Soul Siphon,"+10 to maximum Mana
18% increased maximum Mana
+5 Mana gained on Kill"
Azure Oil,Violet Oil,Golden Oil,Breath of Lightning,"20% increased Lightning Damage
20% increased Shock Duration on Enemies
10% chance to Shock
15% increased Effect of Shock"
Violet Oil,Violet Oil,Golden Oil,Born to Fight,"4% increased Melee Attack Speed
+20 to Accuracy Rating
26% increased Melee Physical Damage
+20 to Strength"
Clear Oil,Crimson Oil,Golden Oil,Druidic Rite,"+15 to maximum Mana
15% increased maximum Mana
20% increased Flask Charges gained
20% increased Flask Effect Duration"
Sepia Oil,Crimson Oil,Golden Oil,Heart and Soul,"8% increased maximum Life
12% increased maximum Mana"
Amber Oil,Crimson Oil,Golden Oil,Bloodless,"8% increased maximum Life
Enemies Cannot Leech Life From you"
Verdant Oil,Crimson Oil,Golden Oil,Heart of Oak,"8% increased maximum Life
20% chance to Avoid being Stunned
20% increased Stun and Block Recovery
Regenerate 1% of Life per second"
Teal Oil,Crimson Oil,Golden Oil,Champion of the Cause,"12% increased Area of Effect of Aura Skills
4% reduced Mana Reserved
6% increased effect of Non-Curse Auras from your Skills"
Azure Oil,Crimson Oil,Golden Oil,Survivalist,"24% increased Evasion Rating
+8% to all Elemental Resistances
+1% to maximum Cold Resistance
+3% chance to Evade Attacks"
Violet Oil,Crimson Oil,Golden Oil,Fingers of Frost,"+10% to Cold Damage over Time Multiplier
12% increased Cold Damage
Enemies Become Chilled as they Unfreeze
10% chance to Freeze Enemies which are Chilled
10% increased Effect of Chill"
Crimson Oil,Crimson Oil,Golden Oil,Arcane Expanse,"15% increased Spell Damage
10% increased Area of Effect if you've Killed Recently
Spell Skills have 10% increased Area of Effect
+10 to Intelligence"
Clear Oil,Black Oil,Golden Oil,Endurance,+1 to Maximum Endurance Charges
Sepia Oil,Black Oil,Golden Oil,Faith and Steel,"20% increased Armour
10% increased maximum Energy Shield
10% increased Energy Shield Recharge Rate
+8% to all Elemental Resistances"
Amber Oil,Black Oil,Golden Oil,Way of the Warrior,"16% increased Armour
+16 to maximum Life
16% increased Melee Damage
+30 to Strength"
Verdant Oil,Black Oil,Golden Oil,Deadly Inclinations,"18% increased Evasion Rating
+12 to maximum Life
16% increased Projectile Damage
+30 to Dexterity"
Teal Oil,Black Oil,Golden Oil,Hardened Scars,"15% increased Life Recovery from Flasks
You have Fortify during Effect of any Life Flask"
Azure Oil,Black Oil,Golden Oil,Rampart,"8% increased Attack Speed while you have Fortify
5% increased Movement Speed while you have Fortify
10% increased Effect of Fortify on you
20% increased Attack Damage while you have Fortify"
Violet Oil,Black Oil,Golden Oil,Arcane Capacitor,"15% increased maximum Mana
10% increased Effect of Arcane Surge on you per\n200 Mana spent Recently, up to 50%
10% chance to gain Arcane Surge when you Kill an Enemy"
Crimson Oil,Black Oil,Golden Oil,Savagery,+1 to Maximum Frenzy Charges
Black Oil,Black Oil,Golden Oil,Swagger,"+5% Chance to Block Attack Damage while Dual Wielding
20% increased Weapon Damage while Dual Wielding
10% chance to gain an Endurance Charge when you Block
Attack Skills deal 20% increased Damage with Ailments while Dual Wielding
10% chance to gain a Frenzy Charge when you Block"
Clear Oil,Opalescent Oil,Golden Oil,Mana Flows,"+10 to maximum Mana
16% increased maximum Mana
40% increased Mana Regeneration Rate
+20 to Intelligence"
Sepia Oil,Opalescent Oil,Golden Oil,Art of the Gladiator,"12% increased Attack Speed
10% increased Global Accuracy Rating
Ignore all Movement Penalties from Armour
+20 to Dexterity"
Amber Oil,Opalescent Oil,Golden Oil,Arcane Will,"20% increased maximum Mana
Regenerate 2 Mana per second
20% increased Mana Recovery from Flasks
Gain 4% of Maximum Mana as Extra Maximum Energy Shield"
Verdant Oil,Opalescent Oil,Golden Oil,Foresight,"+20 to maximum Energy Shield
14% increased maximum Energy Shield
10% increased Energy Shield Recharge Rate"
Teal Oil,Opalescent Oil,Golden Oil,Lust for Carnage,"12% increased Attack Speed
1.2% of Physical Attack Damage Leeched as Life
20% increased total Recovery per second from Life Leech"
Azure Oil,Opalescent Oil,Golden Oil,Force Shaper,"Gain 4% of Physical Damage as Extra Chaos Damage
4% increased Attack and Cast Speed
10% reduced Physical Damage taken over time
20% increased Physical Damage"
Violet Oil,Opalescent Oil,Golden Oil,Dismembering,"30% increased Melee Critical Strike Chance
+30% to Melee Critical Strike Multiplier
20% chance to Maim Enemies on Critical Strike with Attacks"
Crimson Oil,Opalescent Oil,Golden Oil,Heart of Ice,"25% increased Cold Damage
Damage Penetrates 6% Cold Resistance
0.2% of Cold Damage Leeched as Energy Shield"
Black Oil,Opalescent Oil,Golden Oil,Assassination,"+35% to Critical Strike Multiplier
30% increased Critical Strike Chance"
Opalescent Oil,Opalescent Oil,Golden Oil,Barbarism,"6% increased maximum Life
+1% to maximum Fire Resistance
+8% to Fire Resistance"
Clear Oil,Silver Oil,Golden Oil,Vitality Void,"0.8% of Attack Damage Leeched as Life
15% increased Maximum total Recovery per second from Life Leech
20% increased total Recovery per second from Life Leech"
Sepia Oil,Silver Oil,Golden Oil,Fangs of the Viper,"20% increased Chaos Damage
5% increased Movement Speed
+20 to Dexterity
20% increased Physical Damage"
Amber Oil,Silver Oil,Golden Oil,Ethereal Feast,"0.6% of Spell Damage Leeched as Energy Shield
30% increased Maximum total Recovery per second from Energy Shield Leech
6% increased Attack and Cast Speed while Leeching Energy Shield"
Verdant Oil,Silver Oil,Golden Oil,Resourcefulness,"15% increased Evasion Rating
10% increased maximum Energy Shield
5% increased maximum Life
Regenerate 0.5% of Life per second"
Teal Oil,Silver Oil,Golden Oil,Essence Surge,"+30 to maximum Energy Shield
15% faster start of Energy Shield Recharge
10% increased Energy Shield Recharge Rate"
Azure Oil,Silver Oil,Golden Oil,Golem Commander,"20% increased Damage while you have a Summoned Golem
30% increased Effect of Buffs granted by your Golems
Golems have 15% increased Maximum Life
+1 to maximum number of Golems"
Violet Oil,Silver Oil,Golden Oil,Heart of the Warrior,"+20 to maximum Life
10% increased maximum Life
+10 to Strength"
Crimson Oil,Silver Oil,Golden Oil,Void Barrier,"15% increased Evasion Rating
10% increased maximum Energy Shield
10% increased Energy Shield Recharge Rate
+8% to all Elemental Resistances"
Black Oil,Silver Oil,Golden Oil,Revenge of the Hunted,"18% increased Evasion Rating
8% increased maximum Life
12% increased Physical Damage"
Opalescent Oil,Silver Oil,Golden Oil,Tribal Fury,"12% increased Melee Damage
Strike Skills target 1 additional nearby Enemy"
Silver Oil,Silver Oil,Golden Oil,Spiritual Aid,"30% increased Global Accuracy Rating
Minions deal 15% increased Damage
Increases and Reductions to Minion Damage also affect you
30% increased Minion Accuracy Rating"
Clear Oil,Golden Oil,Golden Oil,Crusader,"8% increased maximum Mana
Transfiguration of Mind"
Sepia Oil,Golden Oil,Golden Oil,Thunderous Salvos,"30% increased Critical Strike Chance for Spells
Skills supported by Unleash have +1 to maximum number of Seals"
Amber Oil,Golden Oil,Golden Oil,Vengeant Cascade,"15% increased Projectile Speed
Attack Projectiles Return to you from final Target
Returning Projectiles Pierce all Targets"
Verdant Oil,Golden Oil,Golden Oil,Unnatural Calm,"18% increased maximum Energy Shield
15% increased Energy Shield Recharge Rate
+1% to maximum Lightning Resistance"
Teal Oil,Golden Oil,Golden Oil,Golem's Blood,"10% increased maximum Life
Regenerate 1.6% of Life per second"
Azure Oil,Golden Oil,Golden Oil,Tranquility,"5% increased maximum Energy Shield
Transfiguration of Soul"
Violet Oil,Golden Oil,Golden Oil,Aspect of Stone,20% chance to Avoid Physical Damage from Hits
Crimson Oil,Golden Oil,Golden Oil,Tenacity,"5% increased maximum Life
Transfiguration of Body"
Black Oil,Golden Oil,Golden Oil,Whispers of Doom,You can apply an additional Curse
Opalescent Oil,Golden Oil,Golden Oil,Charisma,"8% reduced Mana Reserved
6% increased effect of Non-Curse Auras from your Skills"
Silver Oil,Golden Oil,Golden Oil,Constitution,"+20 to maximum Life
14% increased maximum Life"
Golden Oil,Golden Oil,Golden Oil,Soul of Steel,"+150 to Armour
30% increased Armour
+1% to all maximum Elemental Resistances
5% additional Physical Damage Reduction"